﻿<?xml version="1.0" encoding="utf-8"?>
<GiftTravel>
  <Travel>
    <DocID>500016686</DocID>
    <FilerName>Jonathan Lowe</FilerName>
    <MemberName>Chabot, Steve</MemberName>
    <State>OH</State>
    <District>1</District>
    <Year>2017</Year>
    <Destination>Las Vegas, NV</Destination>
    <FilingType>Original</FilingType>
    <DepartureDate>1/6/2017</DepartureDate>
    <ReturnDate>1/8/2017</ReturnDate>
    <TravelSponsor>Consumer Technology Association</TravelSponsor>
  </Travel>
  <Travel>
    <DocID>500016687</DocID>
    <FilerName>Roy Schultheis</FilerName>
    <MemberName>Curbelo, Carlos</MemberName>
    <State>FL</State>
    <District>26</District>
    <Year>2017</Year>
    <Destination>Las Vegas, Nevada</Destination>
    <FilingType>Original</FilingType>
    <DepartureDate>1/6/2017</DepartureDate>
    <ReturnDate>1/8/2017</ReturnDate>
    <TravelSponsor>Consumer Technology Association</TravelSponsor>
  </Travel>
  <Travel>
    <DocID>500016688</DocID>
    <FilerName>Daniel M. Harder</FilerName>
    <MemberName>Bishop, Mike</MemberName>
    <State>MI</State>
    <District>8</District>
    <Year>2017</Year>
    <Destination>Las Vegas, Nevada</Destination>
    <FilingType>Original</FilingType>
    <DepartureDate>1/5/2017</DepartureDate>
    <ReturnDate>1/7/2017</ReturnDate>
    <TravelSponsor>Consumer Technology Association</TravelSponsor>
  </Travel>
  <Travel>
    <DocID>500016690</DocID>
    <FilerName>Bennie Thompson</FilerName>
    <MemberName>Thompson, Bennie</MemberName>
    <State>MS</State>
    <District>2</District>
    <Year>2017</Year>
    <Destination>Las Vegas, NV</Destination>
    <FilingType>Original</FilingType>
    <DepartureDate>1/6/2017</DepartureDate>
    <ReturnDate>1/7/2017</ReturnDate>
    <TravelSponsor>Consumer Technology Association</TravelSponsor>
  </Travel>
  <Travel>
    <DocID>500016693</DocID>
    <FilerName>Brittany Lundberg</FilerName>
    <MemberName>DeFazio, Peter</MemberName>
    <State>OR</State>
    <District>4</District>
    <Year>2017</Year>
    <Destination>Las Vegas, NV</Destination>
    <FilingType>Original</FilingType>
    <DepartureDate>1/5/2017</DepartureDate>
    <ReturnDate>1/7/2017</ReturnDate>
    <TravelSponsor>Consumer Technology Association</TravelSponsor>
  </Travel>
  <Travel>
    <DocID>500016694</DocID>
    <FilerName>Stoney Burke</FilerName>
    <MemberName>Hurd, Will</MemberName>
    <State>TX</State>
    <District>23</District>
    <Year>2017</Year>
    <Destination>Las Vegas, NV</Destination>
    <FilingType>Original</FilingType>
    <DepartureDate>1/6/2017</DepartureDate>
    <ReturnDate>1/8/2017</ReturnDate>
    <TravelSponsor>Consumer Technology Association</TravelSponsor>
  </Travel>
  <Travel>
    <DocID>500016695</DocID>
    <FilerName>Rebecca Mark</FilerName>
    <MemberName>McMorris Rodgers, Cathy</MemberName>
    <State>WA</State>
    <District>5</District>
    <Year>2017</Year>
    <Destination>Las Vegas, NV</Destination>
    <FilingType>Original</FilingType>
    <DepartureDate>1/6/2017</DepartureDate>
    <ReturnDate>1/8/2017</ReturnDate>
    <TravelSponsor>Consumer Technology Association</TravelSponsor>
  </Travel>
  <Travel>
    <DocID>500016696</DocID>
    <FilerName>Paul Balmer</FilerName>
    <MemberName>Blumenauer, Earl</MemberName>
    <State>OR</State>
    <District>3</District>
    <Year>2017</Year>
    <Destination>Las Vegas, Nevada</Destination>
    <FilingType>Original</FilingType>
    <DepartureDate>1/5/2017</DepartureDate>
    <ReturnDate>1/7/2017</ReturnDate>
    <TravelSponsor>Consumer Technology Association</TravelSponsor>
  </Travel>
  <Travel>
    <DocID>500016697</DocID>
    <FilerName>Will Hurd</FilerName>
    <MemberName>Hurd, Will</MemberName>
    <State>TX</State>
    <District>23</District>
    <Year>2017</Year>
    <Destination>Las Vegas, NV</Destination>
    <FilingType>Original</FilingType>
    <DepartureDate>1/6/2017</DepartureDate>
    <ReturnDate>1/8/2017</ReturnDate>
    <TravelSponsor>Consumer Technology Association</TravelSponsor>
  </Travel>
  <Travel>
    <DocID>500016701</DocID>
    <FilerName>Amy Murphy</FilerName>
    <MemberName>Barton, Joe</MemberName>
    <State>TX</State>
    <District>6</District>
    <Year>2017</Year>
    <Destination>Las Vegas, NV</Destination>
    <FilingType>Original</FilingType>
    <DepartureDate>1/5/2017</DepartureDate>
    <ReturnDate>1/7/2017</ReturnDate>
    <TravelSponsor>Consumer Technology Association</TravelSponsor>
  </Travel>
  <Travel>
    <DocID>500016702</DocID>
    <FilerName>Samuel Negatu</FilerName>
    <MemberName>Cartwright, Matt</MemberName>
    <State>PA</State>
    <District>17</District>
    <Year>2017</Year>
    <Destination>Las Vegas, NV</Destination>
    <FilingType>Original</FilingType>
    <DepartureDate>1/5/2017</DepartureDate>
    <ReturnDate>1/7/2017</ReturnDate>
    <TravelSponsor>Consumer Technology Association</TravelSponsor>
  </Travel>
  <Travel>
    <DocID>500016703</DocID>
    <FilerName>Alyssa Wootton</FilerName>
    <MemberName>Farenthold, Blake</MemberName>
    <State>TX</State>
    <District>27</District>
    <Year>2017</Year>
    <Destination>Las Vegas, Nevada</Destination>
    <FilingType>Original</FilingType>
    <DepartureDate>1/5/2017</DepartureDate>
    <ReturnDate>1/7/2017</ReturnDate>
    <TravelSponsor>Consumer Technology Association</TravelSponsor>
  </Travel>
  <Travel>
    <DocID>500016704</DocID>
    <FilerName>Matt Stross</FilerName>
    <MemberName>Holding, George</MemberName>
    <State>NC</State>
    <District>2</District>
    <Year>2017</Year>
    <Destination>Las Vegas, Nevada</Destination>
    <FilingType>Original</FilingType>
    <DepartureDate>1/6/2017</DepartureDate>
    <ReturnDate>1/8/2017</ReturnDate>
    <TravelSponsor>Consumer Technology Association</TravelSponsor>
  </Travel>
  <Travel>
    <DocID>500016705</DocID>
    <FilerName>Rachel Schwegman</FilerName>
    <MemberName>Latta, Robert</MemberName>
    <State>OH</State>
    <District>5</District>
    <Year>2017</Year>
    <Destination>Las Vegas, NV</Destination>
    <FilingType>Original</FilingType>
    <DepartureDate>1/6/2017</DepartureDate>
    <ReturnDate>1/8/2017</ReturnDate>
    <TravelSponsor>Consumer Technology Association</TravelSponsor>
  </Travel>
  <Travel>
    <DocID>500016706</DocID>
    <FilerName>Robert Latta</FilerName>
    <MemberName>Latta, Robert</MemberName>
    <State>OH</State>
    <District>5</District>
    <Year>2017</Year>
    <Destination>Las Vegas, NV</Destination>
    <FilingType>Original</FilingType>
    <DepartureDate>1/6/2017</DepartureDate>
    <ReturnDate>1/8/2017</ReturnDate>
    <TravelSponsor>Consumer Technology Association</TravelSponsor>
  </Travel>
  <Travel>
    <DocID>500016707</DocID>
    <FilerName>Zachary Stokes</FilerName>
    <MemberName>Schrader, Kurt</MemberName>
    <State>OR</State>
    <District>5</District>
    <Year>2017</Year>
    <Destination>Las Vegas, NV</Destination>
    <FilingType>Original</FilingType>
    <DepartureDate>1/5/2017</DepartureDate>
    <ReturnDate>1/7/2017</ReturnDate>
    <TravelSponsor>Consumer Technology Association</TravelSponsor>
  </Travel>
  <Travel>
    <DocID>500016708</DocID>
    <FilerName>Lisa Goldman</FilerName>
    <MemberName>Pallone, Frank</MemberName>
    <State>NJ</State>
    <District>6</District>
    <Year>2017</Year>
    <Destination>Las Vegas, NV</Destination>
    <FilingType>Original</FilingType>
    <DepartureDate>1/5/2017</DepartureDate>
    <ReturnDate>1/7/2017</ReturnDate>
    <TravelSponsor>Consumer Technology Association</TravelSponsor>
  </Travel>
  <Travel>
    <DocID>500016710</DocID>
    <FilerName>Timothy Tarpley</FilerName>
    <MemberName>Poe, Ted</MemberName>
    <State>TX</State>
    <District>2</District>
    <Year>2017</Year>
    <Destination>Las Vegas, NV</Destination>
    <FilingType>Original</FilingType>
    <DepartureDate>1/5/2017</DepartureDate>
    <ReturnDate>1/7/2017</ReturnDate>
    <TravelSponsor>Consumer Technology Association</TravelSponsor>
  </Travel>
  <Travel>
    <DocID>500016711</DocID>
    <FilerName>Gerald Leverich</FilerName>
    <MemberName>Pallone, Frank</MemberName>
    <State>NJ</State>
    <District>6</District>
    <Year>2017</Year>
    <Destination>Las Vegas, NV</Destination>
    <FilingType>Original</FilingType>
    <DepartureDate>1/5/2017</DepartureDate>
    <ReturnDate>1/7/2017</ReturnDate>
    <TravelSponsor>Consumer Technology Association</TravelSponsor>
  </Travel>
  <Travel>
    <DocID>500016714</DocID>
    <FilerName>Amy Travieso</FilerName>
    <MemberName>Cuellar, Henry</MemberName>
    <State>TX</State>
    <District>28</District>
    <Year>2017</Year>
    <Destination>Las Vegas, NV</Destination>
    <FilingType>Original</FilingType>
    <DepartureDate>1/6/2017</DepartureDate>
    <ReturnDate>1/8/2017</ReturnDate>
    <TravelSponsor>Consumer Technology Association</TravelSponsor>
  </Travel>
  <Travel>
    <DocID>500016715</DocID>
    <FilerName>Shannon Sorensen</FilerName>
    <MemberName>Chaffetz, Jason</MemberName>
    <State>UT</State>
    <District>3</District>
    <Year>2017</Year>
    <Destination>Las Vegas, NV</Destination>
    <FilingType>Original</FilingType>
    <DepartureDate>1/5/2017</DepartureDate>
    <ReturnDate>1/7/2017</ReturnDate>
    <TravelSponsor>Consumer Technology Association</TravelSponsor>
  </Travel>
  <Travel>
    <DocID>500016716</DocID>
    <FilerName>Yvesner Zamar</FilerName>
    <MemberName>Conyers, John</MemberName>
    <State>MI</State>
    <District>13</District>
    <Year>2017</Year>
    <Destination>Las Vegas, NV</Destination>
    <FilingType>Original</FilingType>
    <DepartureDate>1/5/2017</DepartureDate>
    <ReturnDate>1/7/2017</ReturnDate>
    <TravelSponsor>Consumer Technology Association</TravelSponsor>
  </Travel>
  <Travel>
    <DocID>500016717</DocID>
    <FilerName>Tiffany Angulo</FilerName>
    <MemberName>Jordan, Jim</MemberName>
    <State>OH</State>
    <District>4</District>
    <Year>2017</Year>
    <Destination>Las Vegas, NV</Destination>
    <FilingType>Original</FilingType>
    <DepartureDate>1/5/2017</DepartureDate>
    <ReturnDate>1/8/2017</ReturnDate>
    <TravelSponsor>Consumer Technology Association</TravelSponsor>
  </Travel>
  <Travel>
    <DocID>500016718</DocID>
    <FilerName>Eric Swalwell</FilerName>
    <MemberName>Swalwell, Eric</MemberName>
    <State>CA</State>
    <District>15</District>
    <Year>2017</Year>
    <Destination>Las Vegas, NV</Destination>
    <FilingType>Original</FilingType>
    <DepartureDate>1/6/2017</DepartureDate>
    <ReturnDate>1/7/2017</ReturnDate>
    <TravelSponsor>Consumer Technology Association</TravelSponsor>
  </Travel>
  <Travel>
    <DocID>500016719</DocID>
    <FilerName>Austin Carson</FilerName>
    <MemberName>McCaul, Michael</MemberName>
    <State>TX</State>
    <District>10</District>
    <Year>2017</Year>
    <Destination>Las Vegas, NV</Destination>
    <FilingType>Original</FilingType>
    <DepartureDate>1/5/2017</DepartureDate>
    <ReturnDate>1/7/2017</ReturnDate>
    <TravelSponsor>Consumer Technology Association</TravelSponsor>
  </Travel>
  <Travel>
    <DocID>500016720</DocID>
    <FilerName>Greg Watson</FilerName>
    <MemberName>Walden, Greg</MemberName>
    <State>OR</State>
    <District>2</District>
    <Year>2017</Year>
    <Destination>Las Vegas, NV</Destination>
    <FilingType>Original</FilingType>
    <DepartureDate>1/4/2017</DepartureDate>
    <ReturnDate>1/6/2017</ReturnDate>
    <TravelSponsor>Consumer Technology Association</TravelSponsor>
  </Travel>
  <Travel>
    <DocID>500016721</DocID>
    <FilerName>Omair Mirza</FilerName>
    <MemberName>Carson, Andre</MemberName>
    <State>IN</State>
    <District>7</District>
    <Year>2017</Year>
    <Destination>Las Vegas, Nevada</Destination>
    <FilingType>Original</FilingType>
    <DepartureDate>1/5/2017</DepartureDate>
    <ReturnDate>1/7/2017</ReturnDate>
    <TravelSponsor>Consumer Technology Association</TravelSponsor>
  </Travel>
  <Travel>
    <DocID>500016722</DocID>
    <FilerName>Giulia Giannangeli</FilerName>
    <MemberName>Walden, Greg</MemberName>
    <State>OR</State>
    <District>2</District>
    <Year>2017</Year>
    <Destination>Las Vegas, Nevada</Destination>
    <FilingType>Original</FilingType>
    <DepartureDate>1/6/2017</DepartureDate>
    <ReturnDate>1/8/2017</ReturnDate>
    <TravelSponsor>Consumer Technology Association</TravelSponsor>
  </Travel>
  <Travel>
    <DocID>500016723</DocID>
    <FilerName>Olivia Trusty</FilerName>
    <MemberName>Walden, Greg</MemberName>
    <State>OR</State>
    <District>2</District>
    <Year>2017</Year>
    <Destination>Les Vegas, Nevada</Destination>
    <FilingType>Original</FilingType>
    <DepartureDate>1/4/2017</DepartureDate>
    <ReturnDate>1/6/2017</ReturnDate>
    <TravelSponsor>Consumer Technology Association</TravelSponsor>
  </Travel>
  <Travel>
    <DocID>500016724</DocID>
    <FilerName>Paul Nagle</FilerName>
    <MemberName>Walden, Greg</MemberName>
    <State>OR</State>
    <District>2</District>
    <Year>2017</Year>
    <Destination>Las Vegas, Nevada</Destination>
    <FilingType>Original</FilingType>
    <DepartureDate>1/4/2017</DepartureDate>
    <ReturnDate>1/6/2017</ReturnDate>
    <TravelSponsor>Consumer Technology Association</TravelSponsor>
  </Travel>
  <Travel>
    <DocID>500016725</DocID>
    <FilerName>Grace Koh</FilerName>
    <MemberName>Walden, Greg</MemberName>
    <State>OR</State>
    <District>2</District>
    <Year>2017</Year>
    <Destination>Las Vegas, Nevada</Destination>
    <FilingType>Original</FilingType>
    <DepartureDate>1/4/2017</DepartureDate>
    <ReturnDate>1/6/2017</ReturnDate>
    <TravelSponsor>Consumer Technology Association</TravelSponsor>
  </Travel>
  <Travel>
    <DocID>500016726</DocID>
    <FilerName>Kelsey Guyselman</FilerName>
    <MemberName>Walden, Greg</MemberName>
    <State>OR</State>
    <District>2</District>
    <Year>2017</Year>
    <Destination>Las Vegas, Nevada</Destination>
    <FilingType>Original</FilingType>
    <DepartureDate>1/4/2017</DepartureDate>
    <ReturnDate>1/6/2017</ReturnDate>
    <TravelSponsor>Consumer Technology Association</TravelSponsor>
  </Travel>
  <Travel>
    <DocID>500016727</DocID>
    <FilerName>Miles Chiotti</FilerName>
    <MemberName>Davis, Rodney</MemberName>
    <State>IL</State>
    <District>13</District>
    <Year>2017</Year>
    <Destination>Las Vegas, Nevada</Destination>
    <FilingType>Original</FilingType>
    <DepartureDate>1/5/2017</DepartureDate>
    <ReturnDate>1/7/2017</ReturnDate>
    <TravelSponsor>Consumer Technology Association</TravelSponsor>
  </Travel>
  <Travel>
    <DocID>500016728</DocID>
    <FilerName>Michael Fulton</FilerName>
    <MemberName>Cohen, Steve</MemberName>
    <State>TN</State>
    <District>9</District>
    <Year>2017</Year>
    <Destination>Las Vegas, Nevada</Destination>
    <FilingType>Original</FilingType>
    <DepartureDate>1/6/2017</DepartureDate>
    <ReturnDate>1/8/2017</ReturnDate>
    <TravelSponsor>Consumer Technology Association</TravelSponsor>
  </Travel>
  <Travel>
    <DocID>500016729</DocID>
    <FilerName>Melissa Froelich</FilerName>
    <MemberName>Walden, Greg</MemberName>
    <State>OR</State>
    <District>2</District>
    <Year>2017</Year>
    <Destination>Las Vegas, NV</Destination>
    <FilingType>Original</FilingType>
    <DepartureDate>1/5/2017</DepartureDate>
    <ReturnDate>1/7/2017</ReturnDate>
    <TravelSponsor>Consumer Technology Association</TravelSponsor>
  </Travel>
  <Travel>
    <DocID>500016730</DocID>
    <FilerName>Garald S. Couri</FilerName>
    <MemberName>Walden, Greg</MemberName>
    <State>OR</State>
    <District>2</District>
    <Year>2017</Year>
    <Destination>Las Vegas, NV</Destination>
    <FilingType>Original</FilingType>
    <DepartureDate>1/6/2017</DepartureDate>
    <ReturnDate>1/8/2017</ReturnDate>
    <TravelSponsor>Consumer Technology Association</TravelSponsor>
  </Travel>
  <Travel>
    <DocID>500016731</DocID>
    <FilerName>David Redl</FilerName>
    <MemberName>Walden, Greg</MemberName>
    <State>OR</State>
    <District>2</District>
    <Year>2017</Year>
    <Destination>Las Vegas, NV</Destination>
    <FilingType>Original</FilingType>
    <DepartureDate>1/4/2017</DepartureDate>
    <ReturnDate>1/6/2017</ReturnDate>
    <TravelSponsor>Consumer Technology Association</TravelSponsor>
  </Travel>
  <Travel>
    <DocID>500016732</DocID>
    <FilerName>Ashley Baker</FilerName>
    <MemberName>Veasey, Marc</MemberName>
    <State>TX</State>
    <District>33</District>
    <Year>2017</Year>
    <Destination>Las Vegas, NV</Destination>
    <FilingType>Original</FilingType>
    <DepartureDate>1/6/2017</DepartureDate>
    <ReturnDate>1/8/2017</ReturnDate>
    <TravelSponsor>Consumer Technology Association</TravelSponsor>
  </Travel>
  <Travel>
    <DocID>500016733</DocID>
    <FilerName>Jeffery Wieand</FilerName>
    <MemberName>Marino, Tom</MemberName>
    <State>PA</State>
    <District>10</District>
    <Year>2017</Year>
    <Destination>Las Vegas, Nevada</Destination>
    <FilingType>Original</FilingType>
    <DepartureDate>1/5/2017</DepartureDate>
    <ReturnDate>1/7/2017</ReturnDate>
    <TravelSponsor>Consumer Technology Association</TravelSponsor>
  </Travel>
  <Travel>
    <DocID>500016735</DocID>
    <FilerName>Jason Larrabee</FilerName>
    <MemberName>Denham, Jeff</MemberName>
    <State>CA</State>
    <District>10</District>
    <Year>2017</Year>
    <Destination>Boca Raton, FL</Destination>
    <FilingType>Original</FilingType>
    <DepartureDate>1/8/2017</DepartureDate>
    <ReturnDate>1/9/2017</ReturnDate>
    <TravelSponsor>National Railroad Maintenance &amp; Construction Assoc.</TravelSponsor>
  </Travel>
  <Travel>
    <DocID>500016736</DocID>
    <FilerName>Brandon Webb</FilerName>
    <MemberName>Kelly, Robin</MemberName>
    <State>IL</State>
    <District>2</District>
    <Year>2017</Year>
    <Destination>Las Vegas, Nevada</Destination>
    <FilingType>Original</FilingType>
    <DepartureDate>1/5/2017</DepartureDate>
    <ReturnDate>1/8/2017</ReturnDate>
    <TravelSponsor>Consumer Technology Association</TravelSponsor>
  </Travel>
</GiftTravel>