﻿<?xml version="1.0" encoding="utf-8"?>
<FinancialDisclosure>
  <Member>
    <Prefix>HONORABLE</Prefix>
    <Last>CAMPBELL</Last>
    <First>JOHN</First>
    <Suffix />
    <FilingType>A</FilingType>
    <StateDst>CA45</StateDst>
    <Year>2014</Year>
    <FilingDate>5/1/2014</FilingDate>
    <DocID>8214602</DocID>
  </Member>
  <Member>
    <Prefix />
    <Last>CLARK</Last>
    <First>KATHERINE</First>
    <Suffix />
    <FilingType>A</FilingType>
    <StateDst>MA05</StateDst>
    <Year>2014</Year>
    <FilingDate>4/30/2014</FilingDate>
    <DocID>8214656</DocID>
  </Member>
  <Member>
    <Prefix>HONORABLE</Prefix>
    <Last>DOGGETT</Last>
    <First>LLOYD</First>
    <Suffix />
    <FilingType>A</FilingType>
    <StateDst>TX35</StateDst>
    <Year>2014</Year>
    <FilingDate>4/30/2014</FilingDate>
    <DocID>8214603</DocID>
  </Member>
  <Member>
    <Prefix>HONORABLE</Prefix>
    <Last>HINOJOSA</Last>
    <First>RUBEN</First>
    <Suffix />
    <FilingType>A</FilingType>
    <StateDst>TX15</StateDst>
    <Year>2014</Year>
    <FilingDate>4/29/2014</FilingDate>
    <DocID>8214604</DocID>
  </Member>
</FinancialDisclosure>